Regione;Nome ente;Codice ente;Stato;Ruoli ente
Abruzzo;Comune di Roseto degli Abruzzi;C067037;ATTIVO;Schedatore-Richiedente
Abruzzo;Diocesi di Avezzano;D009;ATTIVO;Schedatore-Richiedente
Abruzzo;Diocesi di Lanciano - Ortona;D007;ATTIVO;Schedatore-Richiedente
Abruzzo;Diocesi di Sulmona - Valva;D010;ATTIVO;Schedatore-Richiedente
Abruzzo;Diocesi di Teramo - Atri;D012;ATTIVO;Schedatore-Richiedente
Abruzzo;Direzione Regionale per i Beni Culturali e Paesaggistici dell'Abruzzo;S213;ATTIVO;Competente-Coordinatore
Abruzzo;Soprintendenza Archeologia, belle arti e paesaggio dell'Abruzzo con esclusione della città dell'Aquila e dei comuni del cratere ;S240;ATTIVO;Competente-Richiedente
Abruzzo;Soprintendenza per i Beni Archeologici dell'Abruzzo;S13;ATTIVO;Competente-Richiedente
Abruzzo;Soprintendenza per i Beni Architettonici e Paesaggistici dell'Abruzzo;S106;ATTIVO;Competente-Richiedente
Abruzzo;Soprintendenza per i Beni Storici Artistici ed Etnoantropologici dell'Abruzzo;S107;ATTIVO;Competente-Richiedente
Abruzzo;Soprintendenza unica Archeologia, belle arti e paesaggio per la città dell'Aquila e i comuni del Cratere;S237;ATTIVO;Competente-Richiedente
Abruzzo;Università  di Chieti-Pescara;UNICH;ATTIVO;Schedatore-Richiedente
Basilicata;Diocesi di Acerenza;D051;ATTIVO;Schedatore-Richiedente
Basilicata;Diocesi di Matera - Irsina ;D052;ATTIVO;Schedatore-Richiedente
Basilicata;Diocesi di Melfi - Rapolla - Venosa;D053;ATTIVO;Schedatore-Richiedente
Basilicata;Diocesi di Potenza - Muro Lucano - Marsico Nuovo;D050;ATTIVO;Schedatore-Richiedente
Basilicata;Diocesi di Tricarico;D055;ATTIVO;Schedatore-Richiedente
Basilicata;Diocesi di Tursi - Lagonegro;D056;ATTIVO;Schedatore-Richiedente
Basilicata;Direzione Regionale per i Beni Culturali e Paesaggistici della Basilicata;S217;ATTIVO;Competente-Coordinatore
Basilicata;Provincia di Potenza;P076;ATTIVO;Schedatore-Richiedente
Basilicata;Soprintendenza Archeologia della Basilicata;S40;ATTIVO;Competente-Richiedente
Basilicata;Soprintendenza Archivistica per la Basilicata;S317;ATTIVO;Competente-Richiedente
Basilicata;Soprintendenza per i Beni Architettonici e Paesaggistici della Basilicata;S41;ATTIVO;Competente-Richiedente
Basilicata;Soprintendenza per i Beni Storici Artistici ed Etnoantropologici della Basilicata;S24;ATTIVO;Competente-Richiedente
Basilicata;Soprintendenza Archeologia, belle arti e paesaggio della Basilicata;S284;ATTIVO;Competente-Richiedente
Basilicata;Museo Nazionale d'Arte Medievale e Moderna della Basilicata - Palazzo Lanfranchi;M265;ATTIVO;Competente-Richiedente
Calabria;Comune di  Reggio Calabria;C080063;ATTIVO;Schedatore-Richiedente
Calabria;Diocesi di Locri - Gerace;D112;ATTIVO;Schedatore-Richiedente
Calabria;Diocesi di Oppido Mamertina - Palmi;D117;ATTIVO;Schedatore-Richiedente
Calabria;Diocesi di Reggio Calabria - Bova;D108;ATTIVO;Schedatore-Richiedente
Calabria;Diocesi di Rossano - Cariati;D102;ATTIVO;Schedatore-Richiedente
Calabria;Direzione Regionale per i Beni Culturali e Paesaggistici della Calabria;S218;ATTIVO;Competente-Coordinatore
Calabria;Museo Archeologico Nazionale di Reggio Calabria;M374;ATTIVO;Competente-Richiedente
Calabria;Soprintendenza Archeologia della Calabria;S43;ATTIVO;Competente-Richiedente
Calabria;Soprintendenza Belle arti e paesaggio della Calabria;S243;ATTIVO;Competente-Richiedente
Calabria;Soprintendenza per i Beni Architettonici e Paesaggistici per le province di Cosenza Catanzaro e Crotone;S178;ATTIVO;Competente-Richiedente
Calabria;Soprintendenza per i Beni Architettonici e Paesaggistici per le province di Reggio Calabria e Vibo Valentia;S179;ATTIVO;Competente-Richiedente
Calabria;Soprintendenza per i Beni Storici Artistici ed Etnoantropologici della Calabria;S112;ATTIVO;Competente-Richiedente
Calabria;Soprintendenza Archeologia, belle arti e paesaggio per le province di Catanzaro, Cosenza e Crotone;S281;ATTIVO;Competente-Richiedente
Calabria;Soprintendenza Archeologia, belle arti e paesaggio per la città metropolitana di Reggio Calabria e la provincia di Vibo Valentia;S285;ATTIVO;Competente-Richiedente
Campania;Castel Sant’Elmo;M269;ATTIVO;Competente-Richiedente
Campania;Circolo Artistico Politecnico;AI299;ATTIVO;Schedatore-Richiedente
Campania;Comune di Montemarano;C064058;ATTIVO;Schedatore-Richiedente
Campania;Comune di Montesano sulla Marcellana;C065076;ATTIVO;Schedatore-Richiedente
Campania;Diocesi di Acerra;D160;ATTIVO;Schedatore-Richiedente
Campania;Diocesi di Alife - Caiazzo;D161;ATTIVO;Schedatore-Richiedente
Campania;Diocesi di Amalfi - Cava de' Tirreni;D180;ATTIVO;Schedatore-Richiedente
Campania;Diocesi di Ariano Irpino - Lacedonia;D151;ATTIVO;Schedatore-Richiedente
Campania;Diocesi di Aversa;D162;ATTIVO;Schedatore-Richiedente
Campania;Diocesi di Benevento;D150;ATTIVO;Schedatore-Richiedente
Campania;Diocesi di Capua;D170;ATTIVO;Schedatore-Richiedente
Campania;Diocesi di Caserta;D171;ATTIVO;Schedatore-Richiedente
Campania;Diocesi di Cerreto Sannita - Telese - Sant'Agata de' Goti;D157;ATTIVO;Schedatore-Richiedente
Campania;Diocesi di Ischia;D173;ATTIVO;Schedatore-Richiedente
Campania;Diocesi di Napoli;D159;ATTIVO;Schedatore-Richiedente
Campania;Diocesi di Pozzuoli;D175;ATTIVO;Schedatore-Richiedente
Campania;Diocesi di Sessa Aurunca;D176;ATTIVO;Schedatore-Richiedente
Campania;Diocesi di Sorrento - Castellamare di Stabia;D177;ATTIVO;Schedatore-Richiedente
Campania;Diocesi di Teano - Calvi;D189;ATTIVO;Schedatore-Richiedente
Campania;Diocesi di Teggiano - Policastro;D183;ATTIVO;Schedatore-Richiedente
Campania;Diocesi di Vallo della Lucania;D186;ATTIVO;Schedatore-Richiedente
Campania;Dipartimento di Scienze del Patrimonio Culturale (DISPAC) dell'Università  degli Studi di Salerno.;UNISADIP2;ATTIVO;Schedatore-Richiedente
Campania;"Dipartimento di Studi Umanistici  - Università  degli Studi di Napoli ""Federico II""";UNINA1DIP1;ATTIVO;Schedatore-Richiedente
Campania;Direzione Regionale per i Beni Culturali e Paesaggistici della Campania;S215;ATTIVO;Competente-Coordinatore
Campania;Fondazione Morra-Museo Archivio Laboratorio per le Arti Contemporanee Hermann Nitsch di Napoli;AI323;ATTIVO;Schedatore-Richiedente
Campania;"Istituto Tecnico Statale Superiore ""Michelangelo Buonarroti""";AI182;ATTIVO;Schedatore-Richiedente
Campania;Museo Archeologico Nazionale di Napoli;M275;ATTIVO;Competente-Richiedente
Campania;Museo di Capodimonte;M254;ATTIVO;Competente-Richiedente
Campania;Museo didattico della Fotografia;AI189;ATTIVO;Schedatore-Richiedente
Campania;Museo di Pulcinella, del Folklore e della Civiltà  contadina;AI185;ATTIVO;Schedatore-Richiedente
Campania;Parco archeologico di Paestum;M267;ATTIVO;Competente-Richiedente
Campania;Regione Campania;R15;ATTIVO;Schedatore-Richiedente
Campania;Seconda università  di Napoli;UNINA2;ATTIVO;Schedatore-Richiedente
Campania;Società Napoletana di Storia Patria;AI271;ATTIVO;Schedatore-Richiedente
Campania;Soprintendenza Archeologia, belle arti e paesaggio per il Comune di Napoli;S282;ATTIVO;Competente-Richiedente
Campania;Soprintendenza Archeologia, belle arti e paesaggio per le province di Caserta e Benevento ;S81;ATTIVO;Competente-Richiedente
Campania;Soprintendenza Archeologia, belle arti e paesaggio per le province di Salerno e Avellino;S83;ATTIVO;Competente-Richiedente
Campania;Soprintendenza Archeologia della Campania;S247;ATTIVO;Competente-Richiedente
Campania;Soprintendenza Belle arti e paesaggio per il Comune e la Provincia di Napoli;S259;ATTIVO;Competente-Richiedente
Campania;Soprintendenza per i Beni Archeologici di Napoli;S219;ATTIVO;Competente-Richiedente
Campania;Soprintendenza per i Beni Archeologici di Salerno Avellino Benevento e Caserta;S173;ATTIVO;Competente-Richiedente
Campania;Soprintendenza per i Beni Architettonici e Paesaggistici per le province di Salerno e Avellino;S175;ATTIVO;Competente-Richiedente
Campania;Soprintendenza per i Beni Architettonici Paesaggistici Storici Artistici ed Etnoantropologici per Napoli e provincia (con esclusione della citta' di Napoli per le competenze in materia di beni storici artistici ed etnoantropologici);S177;ATTIVO;Competente-Richiedente
Campania;Soprintendenza per i Beni Storici Artistici ed Etnoantropologici per le province di Salerno e Avellino;S176;ATTIVO;Competente-Richiedente
Campania;Soprintendenza Speciale per i Beni Archeologici di Napoli e Pompei;S146;ATTIVO;Competente-Richiedente
Campania;Soprintendenza Speciale per i beni archeologici di Pompei, Ercolano e Stabia;S82;ATTIVO;Competente-Richiedente
Campania;Soprintendenza Speciale per il Patrimonio Storico Artistico ed Etnoantropologico e per il Polo Museale della citta' di Napoli;S174;ATTIVO;Competente-Richiedente
Emilia Romagna;Comune di Ferrara;C038008;ATTIVO;Schedatore-Richiedente
Emilia Romagna;Diocesi di Bologna;D200;ATTIVO;Schedatore-Richiedente
Emilia Romagna;Diocesi di Carpi;D207;ATTIVO;Schedatore-Richiedente
Emilia Romagna;Diocesi di Cesena - Sarsina;D215;ATTIVO;Schedatore-Richiedente
Emilia Romagna;Diocesi di Faenza - Modigliana;D202;ATTIVO;Schedatore-Richiedente
Emilia Romagna;Diocesi di Ferrara - Comacchio;D203;ATTIVO;Schedatore-Richiedente
Emilia Romagna;Diocesi di Imola;D204;ATTIVO;Schedatore-Richiedente
Emilia Romagna;Diocesi di Parma;D210;ATTIVO;Schedatore-Richiedente
Emilia Romagna;Diocesi di Piacenza - Bobbio;D211;ATTIVO;Schedatore-Richiedente
Emilia Romagna;Diocesi di Ravenna - Cervia;D213;ATTIVO;Schedatore-Richiedente
Emilia Romagna;Diocesi Rimini;D217;ATTIVO;Schedatore-Richiedente
Emilia Romagna;Direzione Regionale per i Beni Culturali e Paesaggistici dell'Emilia Romagna;S208;ATTIVO;Competente-Coordinatore
Emilia Romagna;Fondazione Collegio San Carlo                                       ;AI272;ATTIVO;Schedatore-Richiedente
Emilia Romagna;Museo Bodoniano - Bibilioteca Palatina;AI149;ATTIVO;Schedatore-Richiedente
Emilia Romagna;Soprintendenza Archeologia dell'Emilia Romagna;S06;ATTIVO;Competente-Richiedente
Emilia Romagna;Soprintendenza per i Beni Architettonici e Paesaggistici per le province di Bologna Modena e Reggio Emilia;S143;ATTIVO;Competente-Richiedente
Emilia Romagna;Soprintendenza per i Beni Architettonici e Paesaggistici per le province di Parma e Piacenza;S142;ATTIVO;Competente-Richiedente
Emilia Romagna;Soprintendenza per i Beni Architettonici e Paesaggistici per le province di Ravenna Ferrara Forli'-Cesena e Rimini;S42;ATTIVO;Competente-Richiedente
Emilia Romagna;Soprintendenza per i Beni Storici Artistici ed Etnoantropologici  per le province di Bologna Ferrara Forli'-Cesena Ravenna e Rimini;S08;ATTIVO;Competente-Richiedente
Emilia Romagna;Soprintendenza per i Beni Storici Artistici ed Etnoantropologici  per le province di Modena e Reggio Emilia;S28;ATTIVO;Competente-Richiedente
Emilia Romagna;Soprintendenza per i Beni Storici Artistici ed Etnoantropologici  per le province di Parma e Piacenza;S36;ATTIVO;Competente-Richiedente
Emilia Romagna;Università  degli Studi di Modena e Reggio Emilia;UNIMORE;ATTIVO;Schedatore-Richiedente
Emilia Romagna;Università  di Ferrara;UNIFE;ATTIVO;Schedatore-Richiedente
Emilia Romagna;Università  di Parma;UNIPR;ATTIVO;Schedatore-Richiedente
Emilia Romagna;Soprintendenza Archeologia, belle arti e paesaggio per la città metropolitana di Bologna e le province di Modena, Reggio Emilia e Ferrara;S261;ATTIVO;Competente-Richiedente
Emilia Romagna;Soprintendenza Archeologia, belle arti e paesaggio per le province di Ravenna, Forlì-Cesena e Rimini;S262;ATTIVO;Competente-Richiedente
Emilia Romagna;Soprintendenza Archeologia, belle arti e paesaggio per le province di Parma e Piacenza;S258;ATTIVO;Competente-Richiedente
Emilia Romagna;Diocesi di San Marino - Montefeltro;D218;ATTIVO;Schedatore-Richiedente
Friuli-Venezia Giulia;Diocesi di Concordia - Pordenone;D760;ATTIVO;Schedatore-Richiedente
Friuli-Venezia Giulia;Diocesi di Trieste;D751;ATTIVO;Schedatore-Richiedente
Friuli-Venezia Giulia;Diocesi di Udine;D754;ATTIVO;Schedatore-Richiedente
Friuli-Venezia Giulia;Museo Archeologico Nazionale di Aquileia;M268;ATTIVO;Competente-Richiedente
Friuli-Venezia Giulia;Museo Nazionale di Archeologia Subacquea;M292;ATTIVO;Competente-Richiedente
Friuli-Venezia Giulia;Museo storico e Parco del Castello di Miramare;M367;ATTIVO;Competente-Richiedente
Friuli-Venezia Giulia;Regione Friuli Venezia Giulia;R06;ATTIVO;Schedatore-Richiedente
Friuli-Venezia Giulia;Soprintendenza  Archeologia del Friuli - Venezia Giulia;S102;ATTIVO;Competente-Richiedente
Friuli-Venezia Giulia;Soprintendenza Archeologia, belle arti e paesaggio del Friuli Venezia Giulia;S239;ATTIVO;Competente-Richiedente
Friuli-Venezia Giulia;Soprintendenza per i Beni Architettonici e Paesaggistici del Friuli - Venezia Giulia;S164;ATTIVO;Competente-Richiedente
Friuli-Venezia Giulia;Soprintendenza per i Beni Storici Artistici ed Etnoantropologici del Friuli - Venezia Giulia;S163;ATTIVO;Competente-Richiedente
Lazio;Comune di Farnese - Museo Civico ;C056026;ATTIVO;Schedatore-Richiedente
Lazio;Comune di Frascati;C058039;ATTIVO;Schedatore-Richiedente
Lazio;Diocesi  di Civita Castellana;D309;ATTIVO;Schedatore-Richiedente
Lazio;Diocesi di Civitavecchia - Tarquinia;D313;ATTIVO;Schedatore-Richiedente
Lazio;Diocesi di Frascati;D302;ATTIVO;Schedatore-Richiedente
Lazio;Diocesi di Frosinone - Veroli - Ferentino;D324;ATTIVO;Schedatore-Richiedente
Lazio;Diocesi di Gaeta;D316;ATTIVO;Schedatore-Richiedente
Lazio;Diocesi di Latina - Terracina - Sezze - Priverno;D322;ATTIVO;Schedatore-Richiedente
Lazio;Diocesi di Palestrina;D303;ATTIVO;Schedatore-Richiedente
Lazio;Diocesi di Porto - Santa Rufina;D304;ATTIVO;Schedatore-Richiedente
Lazio;Diocesi di Rieti;D312;ATTIVO;Schedatore-Richiedente
Lazio;Diocesi di Sabina-Poggio Mirteto;D305;ATTIVO;Schedatore-Richiedente
Lazio;Diocesi di Tivoli;D323;ATTIVO;Schedatore-Richiedente
Lazio;Diocesi di Viterbo;D314;ATTIVO;Schedatore-Richiedente
Lazio;Dipartimento della Protezione Civile;DPC;ATTIVO;Schedatore-Richiedente
Lazio;Fondazione per i Beni Culturali Ebraici in Italia Onlus;AI225;ATTIVO;Schedatore-Richiedente
Lazio;Fondazione Toti Scialoja Onlus;AI204;ATTIVO;Schedatore-Richiedente
Lazio;Istituto Centrale per i Beni Sonori e Audiovisivi;AI187;ATTIVO;Schedatore-Richiedente
Lazio;Istituto Centrale per il Catalogo e la Documentazione;ICCD;ATTIVO;Validatore-Coordinatore
Lazio;Istituto Centrale per la Demoetnoantropologia;S56;ATTIVO;Competente-Richiedente
Lazio;Istituto Luigi Sturzo;AI194;ATTIVO;Schedatore- 
Lazio;Istituto Nazionale per la Grafica;S52;ATTIVO;Competente-Richiedente
Lazio;Istituto Superiore per la Conservazione ed il Restauro;ISCR;ATTIVO;Competente-Richiedente
Lazio;Istituto Superiore per la Protezione e la Ricerca Ambientale;AI184;ATTIVO;Schedatore-Richiedente
Lazio;Galleria Nazionale d’Arte Moderna e Contemporanea di Roma;S51;ATTIVO;Competente-Richiedente
Lazio;Ministero per i Beni e le Attività Culturali. Direzione generale PaBAAC;DGPBAACSIII;ATTIVO;Competente-Richiedente
Lazio;Museo delle Civiltà - Museo d'Arte Orientale;S54;ATTIVO;Competente-Richiedente
Lazio;"Museo delle Civiltà - Museo Preistorico e Etnografico ""Luigi Pigorini""";S48;ATTIVO;Competente-Richiedente
Lazio;Museo Hendrik H. Andersen;M368;ATTIVO;Competente-Richiedente
Lazio;Museo Giacomo Manzù;M369;ATTIVO;Competente-Richiedente
Lazio;Museo Mario Praz;M370;ATTIVO;Competente-Richiedente
Lazio;Museo Nazionale degli Strumenti Musicali;M353;ATTIVO;Competente-Richiedente
Lazio;Parco Archeologico del Colosseo;M324;ATTIVO;Competente-Richiedente
Lazio;Parco Archeologico dell'Appia Antica;M322;ATTIVO;Competente-Richiedente
Lazio;Pontificia Università  Gregoriana;AI183;ATTIVO;Schedatore-Richiedente
Lazio;Soprintendenza Archeologia Belle Arti e Paesaggio per le province di Frosinone, Latina e Rieti;S321;ATTIVO;Competente-Richiedente
Lazio;Soprintendenza Speciale Archeologia, belle arti e paesaggio di Roma;S244;ATTIVO;Competente-Richiedente
Lazio;Soprintendenza per i Beni Archeologici del Lazio;S44;ATTIVO;Competente-Richiedente
Lazio;Soprintendenza per i Beni Archeologici dell'Etruria Meridionale;S45;ATTIVO;Competente-Richiedente
Lazio;Soprintendenza per i Beni Architettonici e Paesaggistici per il Comune di Roma;SA7;ATTIVO;Competente-Richiedente
Lazio;Soprintendenza per i Beni Architettonici e Paesaggistici per le province di Roma Frosinone Latina Rieti e Viterbo;S169;ATTIVO;Competente-Richiedente
Lazio;Soprintendenza per i Beni Storici Artistici ed Etnoantropologici del Lazio (con esclusione della citta' di Roma);S168;ATTIVO;Competente-Richiedente
Lazio;Soprintendenza Speciale per i Beni Archeologici di Roma ;S167;ATTIVO;Competente-Richiedente
Lazio;Soprintendenza Speciale per il Patrimonio Storico Artistico ed Etnoantropologico e per il Polo Museale della città di Roma;S170;ATTIVO;Competente-Richiedente
Lazio;Sovraintendenza ai beni culturali del Comune di Roma;S150;ATTIVO;Schedatore-Richiedente
Lazio;Torre di Cicerone;M354;ATTIVO;Competente-Richiedente
Lazio;Università  della Tuscia;UNITUS;ATTIVO;Schedatore-Richiedente
Lazio;"Università  di Roma ""La Sapienza""";UNIRM1;ATTIVO;Schedatore-Richiedente
Lazio;Duke University;AI295;ATTIVO;Schedatore-Richiedente
Lazio;Soprintendenza Speciale Archeologia, belle arti e paesaggio di Roma;S296;ATTIVO;Schedatore-Richiedente
Lazio;Soprintendenza Belle arti e paesaggio per le province di Roma, Frosinone, Latina, Rieti e Viterbo;S249;ATTIVO;Competente-Richiedente
Lazio;Soprintendenza Archeologia del Lazio e dell'Etruria Meridionale;S266;ATTIVO;Competente-Richiedente
Lazio;Soprintendenza Archeologia, belle arti e paesaggio per l’area metropolitana di Roma, la provincia di Viterbo e l’Etruria meridionale;S283;ATTIVO;Competente-Richiedente
Lazio;Vincoli in rete;VIR12;ATTIVO;Validatore-Coordinatore
Liguria;Diocesi della Spezia - Sarzana - Brugnato;D354;ATTIVO;Schedatore-Richiedente
Liguria;Diocesi di Albenga - Imperia;D351;ATTIVO;Schedatore-Richiedente
Liguria;Diocesi di Genova;D350;ATTIVO;Schedatore-Richiedente
Liguria;Direzione Regionale per i Beni Culturali e Paesaggistici della Liguria;S207;ATTIVO;Competente-Coordinatore
Liguria;Soprintendenza Archeologia della Liguria;S19;ATTIVO;Competente-Richiedente
Liguria;Soprintendenza Archeologia, belle arti e paesaggio per la città metropolitana di Genova e le province di Imperia, La Spezia e Savona;S236;ATTIVO;Competente-Richiedente
Liguria;Soprintendenza per i Beni Architettonici e Paesaggistici della Liguria;S20;ATTIVO;Competente-Richiedente
Liguria;Soprintendenza per i Beni Storici Artistici ed Etnoantropologici della Liguria;S21;ATTIVO;Competente-Richiedente
Lombardia;Diocesi di Lodi;D406;ATTIVO;Schedatore-Richiedente
Lombardia;Diocesi di Vigevano;D409;ATTIVO;Schedatore-Richiedente
Lombardia;Direzione Regionale per i Beni Culturali e Paesaggistici della Lombardia;S203;ATTIVO;Competente-Coordinatore
Lombardia;Regione Lombardia;R03;ATTIVO;Schedatore-Richiedente
Lombardia;Soprintendenza Archeologia della Lombardia;S25;ATTIVO;Competente-Richiedente
Lombardia;Soprintendenza per i Beni Architettonici e Paesaggistici per le province di Brescia Cremona e Mantova ;S74;ATTIVO;Competente-Richiedente
Lombardia;Soprintendenza per i Beni Architettonici e Paesaggistici per le province di Milano Bergamo Como Lecco Lodi Monza Pavia Sondrio Varese;S26;ATTIVO;Competente-Richiedente
Lombardia;Soprintendenza per i Beni Storici Artistici ed Etnoantropologici per le province di  Mantova Brescia e Cremona;S23;ATTIVO;Competente-Richiedente
Lombardia;Soprintendenza per i beni storici artistici ed etnoantropologici per le province di Milano Bergamo Como Lecco Lodi Monza Pavia Sondrio Varese;S27;ATTIVO;Competente-Richiedente
Lombardia;Soprintendenza Belle arti e paesaggio per le province di Brescia, Cremona, Mantova;S246;ATTIVO;Competente-Richiedente
Lombardia;Soprintendenza Belle arti e paesaggio per le province di Milano, Bergamo, Como, Lecco, Lodi, Monza-Brianza, Pavia, Sondrio, Varese;S253;ATTIVO;Competente-Richiedente
Lombardia;Soprintendenza Archeologia, belle arti e paesaggio per la città metropolitana di Milano;S287;ATTIVO;Competente-Richiedente
Lombardia;Soprintendenza Archeologia, belle arti e paesaggio per le province di Como, Lecco, Monza-Brianza, Pavia, Sondrio e Varese;S288;ATTIVO;Competente-Richiedente
Lombardia;Soprintendenza Archeologia, belle arti e paesaggio per le province di Bergamo e Brescia;S289;ATTIVO;Competente-Richiedente
Lombardia;Soprintendenza Archeologia, belle arti e paesaggio per le province di Cremona, Lodi e Mantova;S302;ATTIVO;Competente-Richiedente
Marche;Arcidiocesi di Ancona - Osimo;D457;ATTIVO;Schedatore-Richiedente
Marche;Diocesi di Fabriano - Matelica;D452;ATTIVO;Schedatore-Richiedente
Marche;Diocesi di Jesi;D458;ATTIVO;Schedatore-Richiedente
Marche;Diocesi di Macerata - Tolentino - Recanati - Cingoli - Treia;D462;ATTIVO;Schedatore-Richiedente
Marche;Diocesi di Pesaro;D471;ATTIVO;Schedatore-Richiedente
Marche;Diocesi di San Benedetto del Tronto - Ripatransone - Montalto;D464;ATTIVO;Schedatore-Richiedente
Marche;Diocesi di Senigallia;D472;ATTIVO;Schedatore-Richiedente
Marche;Direzione Regionale per i Beni Culturali e Paesaggistici delle Marche;S211;ATTIVO;Competente-Coordinatore
Marche;Fondazione Gianfranco Fedrigoni, Istituto Europeo di Storia della Carta e delle Scienze Cartarie;AI200;ATTIVO;Schedatore-Richiedente
Marche;Soprintendenza Archeologia delle Marche;S02;ATTIVO;Competente-Richiedente
Marche;Soprintendenza per i Beni Architettonici e Paesaggistici delle Marche;S03;ATTIVO;Competente-Richiedente
Marche;Soprintendenza per i Beni Storici Artistici ed Etnoantropologici delle Marche;S70;ATTIVO;Competente-Richiedente
Marche;Soprintendenza Archeologia, belle arti e paesaggio delle Marche;S263;ATTIVO;Competente-Richiedente
Molise;Diocesi di Campobasso - Boiano;D001;ATTIVO;Schedatore-Richiedente
Molise;Diocesi di Isernia - Venafro;D002;ATTIVO;Schedatore-Richiedente
Molise;Diocesi di Trivento;D005;ATTIVO;Schedatore-Richiedente
Molise;Direzione Regionale per i Beni Culturali e Paesaggistici del Molise;S214;ATTIVO;Competente-Coordinatore
Molise;Museo Archeologico di Venafro;M372;ATTIVO;Competente-Richiedente
Molise;Soprintendenza Archeologia del Molise;S108;ATTIVO;Competente-Richiedente
Molise;Soprintendenza per i Beni Architettonici e Paesaggistici del Molise;S172;ATTIVO;Competente-Richiedente
Molise;Soprintendenza per i Beni Storici Artistici ed Etnoantropologici del Molise;S171;ATTIVO;Competente-Richiedente
Molise;Soprintendenza Archeologia, belle arti e paesaggio del Molise;S248;ATTIVO;Competente-Richiedente
Piemonte;Archivio di Stato Asti;S228;ATTIVO;Competente-Richiedente
Piemonte;Archivio di Stato di Torino;S229;ATTIVO;Competente-Richiedente
Piemonte;Archivio di Stato di Vercelli;S230;ATTIVO;Competente-Richiedente
Piemonte;Associazione La Compagnia della Chiocciola onlus;AI223;ATTIVO;Schedatore-Richiedente
Piemonte;Biblioteca Nazionale Universitaria di Torino;S195;ATTIVO;Competente-Richiedente
Piemonte;Biblioteca Reale di Torino;S202;ATTIVO;Competente-Richiedente
Piemonte;Castello di Racconigi;M274;ATTIVO;Competente-Richiedente
Piemonte;Complesso Monumentale di San Francesco - Museo Civico;C004078;ATTIVO;Schedatore-Richiedente
Piemonte;Comune di Biella;C096004;ATTIVO;Schedatore-Richiedente
Piemonte;Comune di Chiusa di Pesio;C004068;ATTIVO;Schedatore-Richiedente
Piemonte;Comune di Ivrea;C001125;ATTIVO;Schedatore-Richiedente
Piemonte;Diocesi di Acqui;D501;ATTIVO;Schedatore-Richiedente
Piemonte;Diocesi di Alba;D502;ATTIVO;Schedatore-Richiedente
Piemonte;Diocesi di Casale Monferrato;D514;ATTIVO;Schedatore-Richiedente
Piemonte;Diocesi di Cuneo;D505;ATTIVO;Schedatore-Richiedente
Piemonte;Diocesi di Fossano;D506;ATTIVO;Schedatore-Richiedente
Piemonte;Diocesi di Saluzzo;D510;ATTIVO;Schedatore-Richiedente
Piemonte;Diocesi di Susa;D516;ATTIVO;Schedatore-Richiedente
Piemonte;Diocesi di Torino;D500;ATTIVO;Schedatore-Richiedente
Piemonte;Diocesi di Tortona;D356;ATTIVO;Schedatore-Richiedente
Piemonte;Diocesi di Vercelli;D511;ATTIVO;Schedatore-Richiedente
Piemonte;Direzione Regionale per i Beni Culturali e Paesaggistici del Piemonte;S201;ATTIVO;Competente-Coordinatore
Piemonte;Fondazione Museo della Ceramica;AI233;ATTIVO;Schedatore-Richiedente
Piemonte;Musei Reali - Palazzo Reale;M276;ATTIVO;Competente-Richiedente
Piemonte;Museo del Paesaggio;AI231;ATTIVO;Schedatore-Richiedente
Piemonte;Museo di Arti Decorative Accorsi - Ometto;AI293;ATTIVO;Schedatore-Richiedente
Piemonte;Museo Regionale di Scienze Naturali di Torino;MRSNTO;ATTIVO;Schedatore-Richiedente
Piemonte;Regione Piemonte;R01;ATTIVO;Schedatore-Richiedente
Piemonte;Società  di Incoraggiamento allo Studio del Disegno e di Conservazione delle Opere d'Arte in Valsesia - Onlus;AI232;ATTIVO;Schedatore-Richiedente
Piemonte;Soprintendenza ai Beni Librari - Regione Piemonte;R01SBL;ATTIVO;Competente-Richiedente
Piemonte;Soprintendenza per i Beni Archeologici del Piemonte del Museo delle Antichita' Egizie;S154;ATTIVO;Competente-Richiedente
Piemonte;Soprintendenza per i Beni Architettonici e Paesaggistici per le province di Novara Alessandria e Verbano-Cusio-Ossola ;S153;ATTIVO;Competente-Richiedente
Piemonte;Soprintendenza per i Beni Architettonici e Paesaggistici per le province di Torino Asti Cuneo Biella e Vercelli ;S152;ATTIVO;Competente-Richiedente
Piemonte;Soprintendenza per i Beni Storici Artistici ed Etnoantropologici del Piemonte;S67;ATTIVO;Competente-Richiedente
Piemonte;Tavola Valdese;AI198;ATTIVO;Schedatore-Richiedente
Piemonte;"Università del Piemonte Orientale ""Amedeo Avogadro""";UNIPMNDSU;ATTIVO;Schedatore-Richiedente
Piemonte;Soprintendenza Belle arti e paesaggio per le province di Alessandria, Asti, Biella, Cuneo, Novara, Verbano-Cusio-Ossola e Vercelli;S250;ATTIVO;Competente-Richiedente
Piemonte;Soprintendenza Archeologia, belle arti e paesaggio per la città metropolitana di Torino ;S251;ATTIVO;Competente-Richiedente
Piemonte;Soprintendenza Archeologia, belle arti e paesaggio per le province di Biella, Novara, Verbano-Cusio-Ossola e Vercelli;S279;ATTIVO;Competente-Richiedente
Piemonte;Soprintendenza Archeologia, belle arti e paesaggio per le province di Alessandria, Asti e Cuneo;S280;ATTIVO;Competente-Richiedente
Piemonte;Comune di Bra - Museo civico di Archeologia Storia Arte - Palazzo Traversa;C004029;ATTIVO;Schedatore-Richiedente
Piemonte;Complesso monumentale del Castello Ducale, Giardino e Parco d’Agliè;M270;ATTIVO;Competente-Richiedente
Puglia;Anfiteatro romano ;M366;ATTIVO;Competente-Richiedente
Puglia;Archivio Biblioteca Museo Civico (A.B.M.C.);AI294;ATTIVO;Schedatore-Richiedente
Puglia;Castel del Monte;M355;ATTIVO;Competente-Richiedente
Puglia;Castello angioino di Copertino;M356;ATTIVO;Competente-Richiedente
Puglia;Castello Svevo di Bari;M357;ATTIVO;Competente-Richiedente
Puglia;Castello Svevo di Trani;M358;ATTIVO;Competente-Richiedente
Puglia;Comune di Altamura;C072004;ATTIVO;Schedatore-Richiedente
Puglia;Comune di Bari;C072006;ATTIVO;Schedatore-Richiedente
Puglia;Comune di Cassano delle Murge;C072016;ATTIVO;Schedatore-Richiedente
Puglia;Comune di Corato;C072020;ATTIVO;Schedatore-Richiedente
Puglia;Comune di Rutigliano;C072037;ATTIVO;Schedatore-Richiedente
Puglia;Comune di Ruvo di Puglia;C072038;ATTIVO;Schedatore-Richiedente
Puglia;Comune di San Paolo di Civitate;C071050;ATTIVO;Schedatore-Richiedente
Puglia;Diocesi di Altamura - Gravina - Acquaviva delle Fonti;D578;ATTIVO;Schedatore-Richiedente
Puglia;Diocesi di Bari - Bitonto;D550;ATTIVO;Schedatore-Richiedente
Puglia;Diocesi di Cerignola - Ascoli Satriano;D563;ATTIVO;Schedatore-Richiedente
Puglia;Diocesi di Lucera - Troia;D565;ATTIVO;Schedatore-Richiedente
Puglia;Diocesi di Manfredonia -Vieste-San Giovanni Rotondo;D566;ATTIVO;Schedatore-Richiedente
Puglia;Diocesi di Nardò - Gallipoli;D572;ATTIVO;Schedatore-Richiedente
Puglia;Diocesi di Otranto;D573;ATTIVO;Schedatore-Richiedente
Puglia;Diocesi di San Severo;D567;ATTIVO;Schedatore-Richiedente
Puglia;Diocesi di Ugento - Santa Maria di Leuca;D574;ATTIVO;Schedatore-Richiedente
Puglia;Direzione Regionale per i Beni Culturali e Paesaggistici della Puglia;S216;ATTIVO;Competente-Coordinatore
Puglia;Fondazione Ettore Pomarici Santomasi;AI298;ATTIVO;Schedatore-Richiedente
Puglia;Galleria Nazionale della Puglia “Girolamo e Rosaria Devanna”;M359;ATTIVO;Competente-Richiedente
Puglia;Museo Archeologico Nazionale - Gioia del Colle;M371;ATTIVO;Competente-Richiedente
Puglia;Museo Archeologico Nazionale di Taranto;M325;ATTIVO;Competente-Richiedente
Puglia;Museo nazionale archeologico di Altamura ;M360;ATTIVO;Competente-Richiedente
Puglia;Museo nazionale archeologico di Manfredonia ;M361;ATTIVO;Competente-Richiedente
Puglia;Museo nazionale Jatta ;M362;ATTIVO;Competente-Richiedente
Puglia;Palazzo Sinesi;M363;ATTIVO;Competente-Richiedente
Puglia;Parco archeologico di Siponto;M364;ATTIVO;Competente-Richiedente
Puglia;Provincia di Brindisi;BR;ATTIVO;Schedatore-Richiedente
Puglia;Regione Puglia;R16;ATTIVO;Schedatore-Richiedente
Puglia;San Francesco alla Scarpa ;M365;ATTIVO;Competente-Richiedente
Puglia;Soprintendenza Archeologia, belle arti e paesaggio per la città metropolitana di Bari;S277;ATTIVO;Competente-Richiedente
Puglia;Soprintendenza Archeologia, belle arti e paesaggio per le province di Barletta-Andria-Trani e Foggia;S278;ATTIVO;Competente-Richiedente
Puglia;Soprintendenza Archeologia, belle arti e paesaggio per le province di Brindisi, Lecce e Taranto;S273;ATTIVO;Competente-Richiedente
Puglia;Soprintendenza Archeologia della Puglia;S63;ATTIVO;Competente-Richiedente
Puglia;Soprintendenza Belle arti e paesaggio per le province di Bari, Barletta-Andria-Trani e Foggia;S245;ATTIVO;Competente-Richiedente
Puglia;Soprintendenza per i Beni Architettonici e Paesaggistici per le province di Bari Barletta-Andria-Trani e Foggia;S157;ATTIVO;Competente-Richiedente
Puglia;Soprintendenza per i Beni Architettonici e Paesaggistici per le province di Lecce Brindisi e Taranto;S158;ATTIVO;Competente-Richiedente
Puglia;Soprintendenza per i Beni Storici Artistici ed Etnoantropologici della Puglia;S114;ATTIVO;Competente-Richiedente
Puglia;Teatro Mercadante;AI297;ATTIVO;Schedatore-Richiedente
Puglia;Università del Salento;UNISAL;ATTIVO;Schedatore-Richiedente
Puglia;Università di Bari;UNIBA;ATTIVO;Schedatore-Richiedente
Sardegna;Comune di Carbonia;C107003;ATTIVO;Schedatore-Richiedente
Sardegna;Comune di Nuoro;C091051;ATTIVO;Schedatore-Richiedente
Sardegna;Diocesi di Ales - Terralba;D605;ATTIVO;Schedatore-Richiedente
Sardegna;Diocesi di Cagliari;D600;ATTIVO;Schedatore-Richiedente
Sardegna;Diocesi di Iglesias;D601;ATTIVO;Schedatore-Richiedente
Sardegna;Direzione Regionale per i Beni Culturali e Paesaggistici della Sardegna;S220;ATTIVO;Competente-Coordinatore
Sardegna;Regione Autonoma della Sardegna;R20;ATTIVO;Schedatore-Richiedente
Sardegna;Soprintendenza per i Beni Archeologici per le province di Cagliari e Oristano;S09;ATTIVO;Competente-Richiedente
Sardegna;Soprintendenza per i Beni Archeologici per le province di Sassari e Nuoro;S58;ATTIVO;Competente-Richiedente
Sardegna;Soprintendenza per i Beni Architettonici Paesaggistici Storici Artistici ed Etnoantropologici per le province di Cagliari e Oristano;S10;ATTIVO;Competente-Richiedente
Sardegna;Soprintendenza per i Beni Architettonici Paesaggistici Storici Artistici ed Etnoantropologici per le province di Sassari e Nuoro;S59;ATTIVO;Competente-Richiedente
Sardegna;Università di Cagliari;UNICA;ATTIVO;Schedatore-Richiedente
Sardegna;Soprintendenza Archeologia, belle arti e paesaggio per la città metropolitana di Cagliari e le province di Oristano, Medio Campidano, Carbonia-Iglesias e Ogliastra;S252;ATTIVO;Competente-Richiedente
Sardegna;Soprintendenza Archeologia, belle arti e paesaggio per le province di Sassari, Olbia-Tempio e Nuoro;S255;ATTIVO;Competente-Richiedente
Sardegna;Soprintendenza Archeologia della Sardegna;S256;ATTIVO;Competente-Richiedente
Sicilia;Centro Regionale per l'Inventario e la Catalogazione;R19CRICDUOXI;ATTIVO;Schedatore-Richiedente
Sicilia;Diocesi di Agrigento;D659;ATTIVO;Schedatore-Richiedente
Sicilia;Diocesi di Caltagirone;D666;ATTIVO;Schedatore-Richiedente
Sicilia;Diocesi di Caltanissetta;D660;ATTIVO;Schedatore-Richiedente
Sicilia;Diocesi di Catania ;D650;ATTIVO;Schedatore-Richiedente
Sicilia;Diocesi di Nicosia;D656;ATTIVO;Schedatore-Richiedente
Sicilia;Diocesi di Piazza Armerina;D668;ATTIVO;Schedatore-Richiedente
Sicilia;Diocesi di Siracusa;D665;ATTIVO;Schedatore-Richiedente
Sicilia;Regione Sicilia - Assessorato dei Beni Culturali e dell'Identità Siciliana;R19;ATTIVO;Schedatore-Richiedente
Sicilia;Soprintendenza per i Beni Culturali e Ambientali di Agrigento;S85;ATTIVO;Competente-Richiedente
Sicilia;Università degli Studi di Palermo;UNIPA;ATTIVO;Schedatore-Richiedente
Toscana;Azienda Ospedaliera Universitaria Careggi;AOU090903;ATTIVO;Schedatore-Richiedente
Toscana;Azienda Ospedaliera Universitaria Meyer;AOU090904;ATTIVO;Schedatore-Richiedente
Toscana;Azienda Ospedaliera Universitaria Pisana;AOU090901;ATTIVO;Schedatore-Richiedente
Toscana;Azienda Ospedaliera Universitaria Senese;AOU090902;ATTIVO;Schedatore-Richiedente
Toscana;Azienda USL 1 di Massa e Carrara;USL1090101;ATTIVO;Schedatore-Richiedente
Toscana;Azienda USL 10 di Firenze;USL10090110;ATTIVO;Schedatore-Richiedente
Toscana;Azienda USL 11 di Empoli;USL11090111;ATTIVO;Schedatore-Richiedente
Toscana;Azienda USL 12 di Viareggio;USL12090112;ATTIVO;Schedatore-Richiedente
Toscana;Azienda USL 2 Lucca;USL2090102;ATTIVO;Schedatore-Richiedente
Toscana;Azienda USL 3 Pistoia;USL3090103;ATTIVO;Schedatore-Richiedente
Toscana;Azienda USl 4 di Prato;USL4090104;ATTIVO;Schedatore-Richiedente
Toscana;Azienda USL 5 di Pisa;USL5090105;ATTIVO;Schedatore-Richiedente
Toscana;Azienda USL 6 di Livorno;USL6090106;ATTIVO;Schedatore-Richiedente
Toscana;Azienda USL 7 di Siena;USL7090107;ATTIVO;Schedatore-Richiedente
Toscana;Azienda USL 8 di Arezzo;USL8090108;ATTIVO;Schedatore-Richiedente
Toscana;Azienda USL 9 di Grosseto;USL9090109;ATTIVO;Schedatore-Richiedente
Toscana;Centro di documentazione per la storia dell'assistenza e della sanità ;AI186;ATTIVO;Schedatore-Richiedente
Toscana;Comune di Colle di Val d'Elsa;C052012;ATTIVO;Schedatore-Richiedente
Toscana;Comune di Collesalvetti;C049008;ATTIVO;Schedatore-Richiedente
Toscana;Comune di Coreglia Antelminelli ;C046011;ATTIVO;Schedatore-Richiedente
Toscana;Comune di Fauglia;C050014;ATTIVO;Schedatore-Richiedente
Toscana;Comune di Siena;C052032;ATTIVO;Schedatore-Richiedente
Toscana;Diocesi di Grosseto;D271;ATTIVO;Schedatore-Richiedente
Toscana;Diocesi di Lucca;D250;ATTIVO;Schedatore-Richiedente
Toscana;Diocesi di Massa Carrara . Pontremoli;D263;ATTIVO;Schedatore-Richiedente
Toscana;Diocesi di Pisa;D262;ATTIVO;Schedatore-Richiedente
Toscana;Diocesi di Pitigliano - Sovana - Orbetello;D273;ATTIVO;Schedatore-Richiedente
Toscana;Diocesi di Prato;D259;ATTIVO;Schedatore-Richiedente
Toscana;Diocesi di Siena - Colle di Val d'Elsa - Montalcino;D268;ATTIVO;Schedatore-Richiedente
Toscana;Direzione Regionale per i Beni Culturali e Paesaggistici della Toscana;S209;ATTIVO;Competente-Coordinatore
Toscana;Fondazione Scienza e Tecnica;AI221;ATTIVO;Schedatore-Richiedente
Toscana;Galleria dell’Accademia di Firenze;M373;ATTIVO;Competente-Richiedente
Toscana;Museo di Storia Naturale del Mediterraneo;AI199;ATTIVO;Schedatore-Richiedente
Toscana;Regione Toscana;R09;ATTIVO;Schedatore-Richiedente
Toscana;Soprintendenza Archeologia della Toscana;S15;ATTIVO;Competente-Richiedente
Toscana;Soprintendenza Archeologia, belle arti e paesaggio per le province di Lucca e Massa Carrara;S122;ATTIVO;Competente-Richiedente
Toscana;Soprintendenza Archeologia, belle arti e paesaggio per le province di Siena, Grosseto e Arezzo;S238;ATTIVO;Competente-Richiedente
Toscana;Soprintendenza per i Beni Architettonici e Paesaggistici per le province di Siena e Grosseto;S60;ATTIVO;Competente-Richiedente
Toscana;Soprintendenza per i Beni Architettonici Paesaggistici Storici Artistici ed Etnoantropologici di Arezzo;S04;ATTIVO;Competente-Richiedente
Toscana;Soprintendenza Archeologia, belle arti e paesaggio per la città metropolitana di Firenze e le province di Pistoia e Prato;S155;ATTIVO;Competente-Richiedente
Toscana;Soprintendenza Archeologia, belle arti e paesaggio per le province di Pisa e Livorno;S121;ATTIVO;Competente-Richiedente
Toscana;Soprintendenza per i Beni Storici Artistici ed Etnoantropologici  per le province di Siena e Grosseto;S61;ATTIVO;Competente-Richiedente
Toscana;Soprintendenza Speciale per il Patrimonio Storico Artistico ed Etnoantropologico e per il Polo Museale della citta' di Firenze;S156;ATTIVO;Competente-Richiedente
Toscana;Università degli Studi di Firenze - Sistema Museale di Ateneo;UNIFI;ATTIVO;Schedatore-Richiedente
Toscana;Università di Siena;UNISI;ATTIVO;Schedatore-Richiedente
Toscana;Diocesi di Fiesole;D257;ATTIVO;Schedatore-Richiedente
Toscana;Diocesi di Pistoia;D258;ATTIVO;Schedatore-Richiedente
Toscana;Comune di Cavriglia;C051013;ATTIVO;Schedatore-Richiedente
Trentino-Alto Adige;Comune di Bolzano;C021008;ATTIVO;Schedatore-Richiedente
Trentino-Alto Adige;Diocesi di Trento;D752;ATTIVO;Schedatore-Richiedente
Trentino-Alto Adige;Provincia Autonoma di Trento - Soprintendenza per i Beni Culturali;S222;ATTIVO;Competente-Richiedente
Umbria;Comune di Amelia;C055004;ATTIVO;Schedatore-Richiedente
Umbria;Diocesi di Città  di Castello;D708;ATTIVO;Schedatore-Richiedente
Umbria;Diocesi di Gubbio;D710;ATTIVO;Schedatore-Richiedente
Umbria;Diocesi di Perugia - Città della Pieve;D705;ATTIVO;Schedatore-Richiedente
Umbria;Diocesi di Terni-Narni-Amelia;D703;ATTIVO;Schedatore-Richiedente
Umbria;Direzione Regionale per i Beni Culturali e Paesaggistici dell'Umbria;S210;ATTIVO;Competente-Coordinatore
Umbria;Fondazione Accademia di Belle Arti Pietro Vannucci;AI227;ATTIVO;Schedatore-Richiedente
Umbria;Soprintendenza Archeologia dell'Umbria;S37;ATTIVO;Competente-Richiedente
Umbria;Soprintendenza Archivistica per l'Umbria;S310;ATTIVO;Competente-Richiedente
Umbria;Soprintendenza Archeologia, belle arti e paesaggio dell’Umbria;S241;ATTIVO;Competente-Richiedente
Umbria;Soprintendenza per i Beni Architettonici e Paesaggistici dell'Umbria;S166;ATTIVO;Competente-Richiedente
Umbria;Soprintendenza per i Beni Storici Artistici ed Etnoantropologici dell'Umbria;S165;ATTIVO;Competente-Richiedente
Umbria;Università di Perugia;UNIPG;ATTIVO;Schedatore-Richiedente
Umbria;Museo archeologico nazionale dell’Umbria;M257;ATTIVO;Competente-Richiedente
Umbria;Galleria Nazionale dell'Umbria;M260;ATTIVO;Competente-Richiedente
Veneto;Associazione Culturale Minelliana ;AI226;ATTIVO;Schedatore-Richiedente
Veneto;Comitato Nazionale Italiano AIHV - Association Internationale pour l'Histoire du Verre;AI224;ATTIVO;Schedatore-Richiedente
Veneto;Comune di Bassano del Grappa;C024012;ATTIVO;Schedatore-Richiedente
Veneto;Comune di Vittorio Veneto;C026092;ATTIVO;Schedatore-Richiedente
Veneto;Diocesi di Adria - Rovigo;D756;ATTIVO;Schedatore-Richiedente
Veneto;Diocesi di Chioggia;D759;ATTIVO;Schedatore-Richiedente
Veneto;Diocesi di Verona;D763;ATTIVO;Schedatore-Richiedente
Veneto;Diocesi di Vicenza;D764;ATTIVO;Schedatore-Richiedente
Veneto;Direzione Regionale per i Beni Culturali e Paesaggistici del Veneto;S205;ATTIVO;Competente-Coordinatore
Veneto;Gallerie dell'Accademia di Venezia;M300;ATTIVO;Competente-Richiedente
Veneto;Magnifica Comunità di Cadore;AI286;ATTIVO;Schedatore-Richiedente
Veneto;Museo d'Arte Orientale - Polo Museale del Veneto;M264;ATTIVO;Competente-Richiedente
Veneto;Regione Veneto;R05;ATTIVO;Schedatore-Richiedente
Veneto;Soprintendenza Archeologia del Veneto ;S32;ATTIVO;Competente-Richiedente
Veneto;Soprintendenza Archeologia, belle arti e paesaggio per l’area metropolitana di Venezia e le province di Belluno, Padova e Treviso;S234;ATTIVO;Competente-Richiedente
Veneto;Soprintendenza Archeologia, belle arti e paesaggio per le province di Verona, Rovigo e Vicenza;S242;ATTIVO;Competente-Richiedente
Veneto;Soprintendenza Archeologia, belle arti e paesaggio per il Comune di Venezia e Laguna;S235;ATTIVO;Competente-Richiedente
Veneto;Soprintendenza per i Beni Architettonici e Paesaggistici di Venezia e Laguna;S161;ATTIVO;Competente-Richiedente
Veneto;Soprintendenza per i Beni Architettonici e Paesaggistici per le province di Venezia Belluno Padova e Treviso;S75;ATTIVO;Competente-Richiedente
Veneto;Soprintendenza per i Beni Architettonici e Paesaggistici per le province di Verona Rovigo e Vicenza;S73;ATTIVO;Competente-Richiedente
Veneto;Soprintendenza per i Beni Storici Artistici ed Etnoantropologici per le province di Venezia (con esclusione della citta' di Venezia e dei Comuni della Gronda lagunare) Belluno Padova e Treviso;S160;ATTIVO;Competente-Richiedente
Veneto;Soprintendenza per i Beni Storici Artistici ed Etnoantropologici per le province di Verona Rovigo e Vicenza;S118;ATTIVO;Competente-Richiedente
Veneto;Soprintendenza Speciale per il Patrimonio Storico Artistico Etnoantropologico e per il Polo Museale della citta' di Venezia e dei comuni della gronda lagunare;S162;ATTIVO;Competente-Richiedente
